{
  "Format": "1.6",
  "Changes": [
    {
      "Action": "EditImage",
      "Target": "Buildings/Houses",
      "FromFile": "assets/InvisibleGreenhouse.png",
      "ToArea": { "X": 160, "Y": 0,"Width": 112, "Height": 432 },
      "When": {
        "FarmType": "Standard"
      }
    },
    {
      "Action": "EditImage",
      "Target": "LooseSprites/map",
      "FromFile": "assets/map.png"
    },
    {
      "Action": "EditImage",
      "Target": "LooseSprites/font_bold",
      "FromFile": "assets/font_bold.png"
    },
    {
      "Action": "Load",
      "Target": "Maps/Farm",
      "FromFile": "assets/Farm.tbin"
    },
    {
      "Action": "Load",
      "Target": "Maps/FarmCave",
      "FromFile": "assets/FarmCave.tbin",
      "When": {
        "FarmType": "Standard"
      }
    },
    {
      "Action": "Load",
      "Target": "Maps/Greenhouse",
      "FromFile": "assets/Greenhouse.tbin",
      "When": {
        "FarmType": "Standard"
      }
    },
    {
      "Action": "Load",
      "Target": "Maps/BusStop",
      "FromFile": "assets/BusStop.tbin",
      "When":{
        "FarmType": "Standard"
      }
    },
    {
      "Action": "Load",
      "Target": "Maps/Forest",
      "FromFile": "assets/Forest.tbin",
      "When":{
        "FarmType": "Standard"
      }
    },
    {
      "Action": "Load",
      "Target": "Maps/Woods",
      "FromFile": "assets/Woods.tbin",
      "When":{
        "FarmType": "Standard"
      }
    },
    {
      "Action": "EditData",
      "Target": "Strings/StringsFromMaps",
      "Entries": {
        "BusStop.1": "@ { Farm^` Bus Stop^> Pelican Town",
        "FarmMod.1": "` Mountain",
        "FarmMod.2": "@ Hills^@ Woods",
        "FarmMod.3": "{ Forest^@ Spa^> Quarry",
        "FarmMod.4": "{ Woods^> Farm",
        "FarmMod.5": "` Bus Stop",
        "FarmMod.6": "Yuck!",
        "FarmCave.1": "Shrine",
        "FarmCave.2": "East Hill",
        "FarmCave.3": "Western Hills"        
       }
    }
  ]
}